id,date,rank,destination,status,rank_level,destination_cluster
1,"August 13, 2024",DC,Range Office,transferred,Low,Central & Regional Administration
2,"August 13, 2024",DC,Range Office,transferred,Low,Central & Regional Administration
3,"August 13, 2024",DC,Range Office,transferred,Low,Central & Regional Administration
4,"August 13, 2024",DC,Range Office,transferred,Low,Central & Regional Administration
5,"August 13, 2024",DC,Range Office,transferred,Low,Central & Regional Administration
6,"August 13, 2024",DC,Range Office,transferred,Low,Central & Regional Administration
7,"August 13, 2024",DC,Range Office,transferred,Low,Central & Regional Administration
8,"August 13, 2024",DC,Range Office,transferred,Low,Central & Regional Administration
9,"August 13, 2024",DC,Range Office,transferred,Low,Central & Regional Administration
10,"August 13, 2024",DC,Range Office,transferred,Low,Central & Regional Administration
11,"August 13, 2024",DC,Range Office,transferred,Low,Central & Regional Administration
12,"August 13, 2024",DC,Range Office,transferred,Low,Central & Regional Administration
13,"August 13, 2024",DC,Range Office,transferred,Low,Central & Regional Administration
14,"August 13, 2024",DC,Range Office,transferred,Low,Central & Regional Administration
15,"August 13, 2024",DC,Range Office,transferred,Low,Central & Regional Administration
16,"August 13, 2024",DC,Range Office,transferred,Low,Central & Regional Administration
17,"August 27, 2024",Additional Commisioner,Industrial police,transferred,High,Specialized Operational Units
18,"August 27, 2024",Additional Commisioner,Tourist Police,transferred,High,Specialized Operational Units
19,"August 27, 2024",Additional Commisioner,APBn,transferred,High,Specialized Operational Units
20,"September 1, 2024",Additional Commisioner,APBn,transferred,High,Specialized Operational Units
21,"September 8, 2024",Joint Commissioner,Range Office,transferred,High,Central & Regional Administration
22,"September 19, 2024",Joint Commissioner,APBn,transferred,High,Specialized Operational Units
23,"September 19, 2024",Joint Commissioner,PTC,transferred,High,Training & Development
24,"September 19, 2024",Joint Commissioner,PTC,transferred,High,Training & Development
25,"September 19, 2024",Joint Commissioner,APBn,transferred,High,Specialized Operational Units
26,"November 11, 2024",DC,Range Office,transferred,Low,Central & Regional Administration
27,"November 11, 2024",DC,Range Office,transferred,Low,Central & Regional Administration
28,"November 11, 2024",DC,Range Office,transferred,Low,Central & Regional Administration
29,"November 11, 2024",DC,Range Office,transferred,Low,Central & Regional Administration
30,"November 11, 2024",DC,Range Office,transferred,Low,Central & Regional Administration
31,"November 11, 2024",DC,Range Office,transferred,Low,Central & Regional Administration
32,"March 23, 2025",DC,Range Office,transferred,Low,Central & Regional Administration
33,"August 17, 2024",ADC,In service training centre,transferred,Low,Training & Development
34,"August 17, 2024",ADC,In service training centre,transferred,Low,Training & Development
35,"August 17, 2024",ADC,APBn,transferred,Low,Specialized Operational Units
36,"August 17, 2024",ADC,APBn,transferred,Low,Specialized Operational Units
37,"August 17, 2024",ADC,BPA,transferred,Low,Training & Development
38,"August 17, 2024",ADC,Navy Police,transferred,Low,Specialized Operational Units
39,"August 17, 2024",ADC,Industrial police,transferred,Low,Specialized Operational Units
40,"August 17, 2024",ADC,Railway Police,transferred,Low,Specialized Operational Units
41,"August 17, 2024",ADC,PTC,transferred,Low,Training & Development
42,"August 17, 2024",ADC,In service training centre,transferred,Low,Training & Development
43,"August 17, 2024",ADC,RAB,transferred,Low,Specialized Operational Units
44,"August 17, 2024",ADC,Range Office,transferred,Low,Central & Regional Administration
45,"August 17, 2024",AC,BPA,transferred,Low,Training & Development
46,"August 27, 2024",ADC,In service training centre,transferred,Low,Training & Development
47,"August 27, 2024",ADC,In service training centre,transferred,Low,Training & Development
48,"August 27, 2024",ADC,APBn,transferred,Low,Specialized Operational Units
49,"August 27, 2024",ADC,Navy Police,transferred,Low,Specialized Operational Units
50,"August 27, 2024",ADC,Tourist Police,transferred,Low,Specialized Operational Units
51,"August 27, 2024",ADC,APBn,transferred,Low,Specialized Operational Units
52,"August 27, 2024",ADC,RAB,transferred,Low,Specialized Operational Units
53,"August 27, 2024",ADC,APBn,transferred,Low,Specialized Operational Units
54,"August 27, 2024",ADC,Tourist Police,transferred,Low,Specialized Operational Units
55,"August 27, 2024",ADC,APBn,transferred,Low,Specialized Operational Units
56,"August 27, 2024",ADC,APBn,transferred,Low,Specialized Operational Units
57,"August 27, 2024",ADC,PTC,transferred,Low,Training & Development
58,"August 27, 2024",ADC,APBn,transferred,Low,Specialized Operational Units
59,"August 27, 2024",ADC,APBn,transferred,Low,Specialized Operational Units
60,"August 27, 2024",ADC,In service training centre,transferred,Low,Training & Development
61,"August 27, 2024",ADC,APBn,transferred,Low,Specialized Operational Units
62,"August 27, 2024",ADC,APBn,transferred,Low,Specialized Operational Units
63,"August 27, 2024",ADC,Navy Police,transferred,Low,Specialized Operational Units
64,"August 27, 2024",ADC,RAB,transferred,Low,Specialized Operational Units
65,"August 27, 2024",ADC,In service training centre,transferred,Low,Training & Development
66,"August 27, 2024",ADC,In service training centre,transferred,Low,Training & Development
67,"August 27, 2024",ADC,In service training centre,transferred,Low,Training & Development
68,"August 27, 2024",ADC,In service training centre,transferred,Low,Training & Development
69,"August 27, 2024",ADC,APBn,transferred,Low,Specialized Operational Units
70,"August 27, 2024",ADC,RAB,transferred,Low,Specialized Operational Units
71,"August 27, 2024",ADC,APBn,transferred,Low,Specialized Operational Units
72,"August 27, 2024",ADC,PBI,transferred,Low,Investigation & Intelligence
73,"August 27, 2024",ADC,RAB,transferred,Low,Specialized Operational Units
74,"August 27, 2024",ADC,APBn,transferred,Low,Specialized Operational Units
75,"August 27, 2024",ADC,APBn,transferred,Low,Specialized Operational Units
76,"August 27, 2024",ADC,RAB,transferred,Low,Specialized Operational Units
77,"August 27, 2024",ADC,RAB,transferred,Low,Specialized Operational Units
78,"August 27, 2024",ADC,Tourist Police,transferred,Low,Specialized Operational Units
79,"August 27, 2024",ADC,APBn,transferred,Low,Specialized Operational Units
80,"August 27, 2024",AC,APBn,transferred,Low,Specialized Operational Units
81,"August 27, 2024",AC,BPA,transferred,Low,Training & Development
82,"August 27, 2024",AC,RAB,transferred,Low,Specialized Operational Units
83,"August 27, 2024",AC,Navy Police,transferred,Low,Specialized Operational Units
84,"August 27, 2024",AC,Navy Police,transferred,Low,Specialized Operational Units
85,"August 27, 2024",AC,RAB,transferred,Low,Specialized Operational Units
86,"August 27, 2024",AC,BPA,transferred,Low,Training & Development
87,"August 27, 2024",AC,RAB,transferred,Low,Specialized Operational Units
88,"August 27, 2024",AC,APBn,transferred,Low,Specialized Operational Units
89,"August 27, 2024",AC,RAB,transferred,Low,Specialized Operational Units
90,"August 27, 2024",AC,APBn,transferred,Low,Specialized Operational Units
91,"August 27, 2024",AC,RAB,transferred,Low,Specialized Operational Units
92,"September 1, 2024",DC,Navy Police,transferred,Low,Specialized Operational Units
93,"September 1, 2024",DC,PTC,transferred,Low,Training & Development
94,"September 1, 2024",DC,PTC,transferred,Low,Training & Development
95,"September 1, 2024",DC,PTC,transferred,Low,Training & Development
96,"September 1, 2024",DC,PTC,transferred,Low,Training & Development
97,"September 1, 2024",DC,PTC,transferred,Low,Training & Development
98,"September 1, 2024",DC,Navy Police,transferred,Low,Specialized Operational Units
99,"September 1, 2024",DC,BPA,transferred,Low,Training & Development
100,"September 2, 2024",ADC,APBn,transferred,Low,Specialized Operational Units
101,"September 2, 2024",ADC,Industrial police,transferred,Low,Specialized Operational Units
102,"September 2, 2024",ADC,Industrial police,transferred,Low,Specialized Operational Units
103,"September 2, 2024",ADC,RAB,transferred,Low,Specialized Operational Units
104,"September 2, 2024",ADC,Police Staff Collage,transferred,Low,Training & Development
105,"September 2, 2024",ADC,APBn,transferred,Low,Specialized Operational Units
106,"September 2, 2024",ADC,APBn,transferred,Low,Specialized Operational Units
107,"September 2, 2024",ADC,Railway Police,transferred,Low,Specialized Operational Units
108,"September 2, 2024",ADC,RAB,transferred,Low,Specialized Operational Units
109,"September 2, 2024",ADC,RAB,transferred,Low,Specialized Operational Units
110,"September 2, 2024",AC,BPA,transferred,Low,Training & Development
111,"September 2, 2024",AC,APBn,transferred,Low,Specialized Operational Units
112,"September 2, 2024",AC,Industrial police,transferred,Low,Specialized Operational Units
113,"September 2, 2024",AC,APBn,transferred,Low,Specialized Operational Units
114,"September 2, 2024",AC,RAB,transferred,Low,Specialized Operational Units
115,04 September 2024,ADC,RAB,transferred,Low,Specialized Operational Units
116,04 September 2024,ADC,Navy Police,transferred,Low,Specialized Operational Units
117,04 September 2024,ADC,APBn,transferred,Low,Specialized Operational Units
118,04 September 2024,AC,APBn,transferred,Low,Specialized Operational Units
119,04 September 2024,AC,Navy Police,transferred,Low,Specialized Operational Units
120,04 September 2024,AC,Industrial police,transferred,Low,Specialized Operational Units
121,04 September 2024,AC,APBn,transferred,Low,Specialized Operational Units
122,04 September 2024,AC,BPA,transferred,Low,Training & Development
123,04 September 2024,AC,Police Headquarters,transferred,Low,Central & Regional Administration
124,04 September 2024,AC,RAB,transferred,Low,Specialized Operational Units
125,04 September 2024,AC,Tourist Police,transferred,Low,Specialized Operational Units
126,04 September 2024,AC,RAB,transferred,Low,Specialized Operational Units
127,04 September 2024,AC,Industrial police,transferred,Low,Specialized Operational Units
128,04 September 2024,AC,Railway Police,transferred,Low,Specialized Operational Units
129,04 September 2024,AC,RAB,transferred,Low,Specialized Operational Units
130,04 September 2024,AC,Industrial police,transferred,Low,Specialized Operational Units
131,04 September 2024,AC,Railway Police,transferred,Low,Specialized Operational Units
132,04 September 2024,AC,RAB,transferred,Low,Specialized Operational Units
133,04 September 2024,AC,APBn,transferred,Low,Specialized Operational Units
134,04 September 2024,AC,RAB,transferred,Low,Specialized Operational Units
135,04 September 2024,AC,RAB,transferred,Low,Specialized Operational Units
136,04 September 2024,AC,APBn,transferred,Low,Specialized Operational Units
137,04 September 2024,AC,RAB,transferred,Low,Specialized Operational Units
138,04 September 2024,AC,APBn,transferred,Low,Specialized Operational Units
139,04 September 2024,AC,RAB,transferred,Low,Specialized Operational Units
140,04 September 2024,AC,Tourist Police,transferred,Low,Specialized Operational Units
141,"September 8, 2024",Joint Commissioner,Metropolitons,transferred,High,Geographic Field Commands
142,"September 15, 2024",Joint Commissioner,PTC,transferred,High,Training & Development
143,"September 15, 2024",DC,In service training centre,transferred,Low,Training & Development
144,"September 15, 2024",DC,In service training centre,transferred,Low,Training & Development
145,"September 15, 2024",DC,In service training centre,transferred,Low,Training & Development
146,"September 15, 2024",DC,In service training centre,transferred,Low,Training & Development
147,"September 19, 2024",Joint Commissioner,Industrial police,transferred,High,Specialized Operational Units
148,"22 September, 2024",ADC,Tourist Police,transferred,Low,Specialized Operational Units
149,"30 September, 2024",ADC,BPA,transferred,Low,Training & Development
150,"30 September, 2024",ADC,Armed Police Battelion,transferred,Low,Specialized Operational Units
151,"30 September, 2024",ADC,Tourist Police,transferred,Low,Specialized Operational Units
152,"30 September, 2024",ADC,Armed Police Battelion,transferred,Low,Specialized Operational Units
153,"30 September, 2024",ADC,BPA,transferred,Low,Training & Development
154,"30 September, 2024",ADC,BPA,transferred,Low,Training & Development
155,"30 September, 2024",ADC,PTC,transferred,Low,Training & Development
156,"30 September, 2024",ADC,Armed Police Battelion,transferred,Low,Specialized Operational Units
157,"30 September, 2024",ADC,SB,transferred,Low,Investigation & Intelligence
158,"30 September, 2024",ADC,APBn,transferred,Low,Specialized Operational Units
159,"30 September, 2024",ADC,Industrial police,transferred,Low,Specialized Operational Units
160,"30 September, 2024",ADC,PTC,transferred,Low,Training & Development
161,"30 September, 2024",ADC,Railway Police,transferred,Low,Specialized Operational Units
162,"30 September, 2024",ADC,BPA,transferred,Low,Training & Development
163,"30 September, 2024",ADC,SB,transferred,Low,Investigation & Intelligence
164,"30 September, 2024",ADC,Tourist Police,transferred,Low,Specialized Operational Units
165,"30 September, 2024",ADC,PTC,transferred,Low,Training & Development
166,"30 September, 2024",ADC,Industrial police,transferred,Low,Specialized Operational Units
167,"30 September, 2024",ADC,PTC,transferred,Low,Training & Development
168,"30 September, 2024",ADC,BPA,transferred,Low,Training & Development
169,"30 September, 2024",ADC,PTC,transferred,Low,Training & Development
170,"October 06, 2024",ADC,PSTS,transferred,Low,Training & Development
171,"October 06, 2024",ADC,RAB,transferred,Low,Specialized Operational Units
172,"October 06, 2024",ADC,Railway Police,transferred,Low,Specialized Operational Units
173,"October 06, 2024",ADC,APBn,transferred,Low,Specialized Operational Units
174,"October 06, 2024",AC,RAB,transferred,Low,Specialized Operational Units
175,"October 06, 2024",AC,RAB,transferred,Low,Specialized Operational Units
176,"October 06, 2024",AC,RAB,transferred,Low,Specialized Operational Units
177,"October 06, 2024",AC,APBn,transferred,Low,Specialized Operational Units
178,"October 7, 2024",DC,Range Office,transferred,Low,Central & Regional Administration
179,"October 7, 2024",DC,Tourist Police,transferred,Low,Specialized Operational Units
180,"October 16, 2024",ADC,RAB,transferred,Low,Specialized Operational Units
181,"October 16, 2024",ADC,RAB,transferred,Low,Specialized Operational Units
182,"October 16, 2024",ADC,APBn,transferred,Low,Specialized Operational Units
183,"October 16, 2024",ADC,RAB,transferred,Low,Specialized Operational Units
184,"October 16, 2024",ADC,CID,transferred,Low,Investigation & Intelligence
185,"October 16, 2024",AC,APBn,transferred,Low,Specialized Operational Units
186,"October 16, 2024",AC,RAB,transferred,Low,Specialized Operational Units
187,"October 16, 2024",AC,APBn,transferred,Low,Specialized Operational Units
188,"October 16, 2024",AC,APBn,transferred,Low,Specialized Operational Units
189,"October 16, 2024",AC,APBn,transferred,Low,Specialized Operational Units
190,"October 16, 2024",AC,RAB,transferred,Low,Specialized Operational Units
191,"October 16, 2024",AC,APBn,transferred,Low,Specialized Operational Units
192,"October 16, 2024",AC,SB,transferred,Low,Investigation & Intelligence
193,"October 16, 2024",AC,CID,transferred,Low,Investigation & Intelligence
194,24 October 2024,ADC,District Police,transferred,Low,Geographic Field Commands
195,24 October 2024,ADC,PSTS,transferred,Low,Training & Development
196,24 October 2024,ADC,PTC,transferred,Low,Training & Development
197,24 October 2024,AC,RAB,transferred,Low,Specialized Operational Units
198,24 October 2024,AC,Circle,transferred,Low,Geographic Field Commands
199,24 October 2024,AC,APBn,transferred,Low,Specialized Operational Units
200,24 October 2024,AC,CID,transferred,Low,Investigation & Intelligence
201,24 October 2024,AC,APBn,transferred,Low,Specialized Operational Units
202,"November 19, 2024",ADC,In service training centre,transferred,Low,Training & Development
203,"November 19, 2024",AC,Railway Police,transferred,Low,Specialized Operational Units
204,"November 19, 2024",AC,BPA,transferred,Low,Training & Development
205,"November 19, 2024",AC,CID,transferred,Low,Investigation & Intelligence
206,"November 19, 2024",AC,PSTS,transferred,Low,Training & Development
207,"November 19, 2024",AC,CID,transferred,Low,Investigation & Intelligence
208,"November 11, 2024",Joint Commissioner,PTC,transferred,High,Training & Development
209,"November 11, 2024",Joint Commissioner,PTC,transferred,High,Training & Development
210,"November 11, 2024",DC,PTC,transferred,Low,Training & Development
211,"November 11, 2024",DC,Industrial police,transferred,Low,Specialized Operational Units
212,"November 11, 2024",DC,PBI,transferred,Low,Investigation & Intelligence
213,"November 11, 2024",DC,PBI,transferred,Low,Investigation & Intelligence
214,"November 11, 2024",DC,In service training centre,transferred,Low,Training & Development
215,"December 5, 2024",Joint Commissioner,Metropolitons,transferred,High,Geographic Field Commands
216,"December 30, 2024",DC,CID,transferred,Low,Investigation & Intelligence
217,"January 01, 2025",DC,CID,transferred,Low,Investigation & Intelligence
218,"21 January, 2025",DC,In service training centre,transferred,Low,Training & Development
219,"21 January, 2025",DC,PBI,transferred,Low,Investigation & Intelligence
220,"February 27, 2025",DC,CID,transferred,Low,Investigation & Intelligence
221,"February 27, 2025",DC,Anti-Terrorism Unit,transferred,Low,Specialized Operational Units
222,03 March 2025,AC,Metropolitons,transferred,Low,Geographic Field Commands
223,03 March 2025,AC,APBn,transferred,Low,Specialized Operational Units
224,03 March 2025,AC,CID,transferred,Low,Investigation & Intelligence
225,03 March 2025,AC,Circle,transferred,Low,Geographic Field Commands
226,03 March 2025,AC,RAB,transferred,Low,Specialized Operational Units
227,03 March 2025,AC,Circle,transferred,Low,Geographic Field Commands
228,03 March 2025,AC,SB,transferred,Low,Investigation & Intelligence
229,03 March 2025,AC,Police Headquarters,transferred,Low,Central & Regional Administration
230,03 March 2025,AC,Police Headquarters,transferred,Low,Central & Regional Administration
231,03 March 2025,AC,PBI,transferred,Low,Investigation & Intelligence
232,03 March 2025,AC,Highway Police,transferred,Low,Specialized Operational Units
233,03 March 2025,AC,Circle,transferred,Low,Geographic Field Commands
234,03 March 2025,AC,Police Headquarters,transferred,Low,Central & Regional Administration
235,03 March 2025,AC,Circle,transferred,Low,Geographic Field Commands
236,"May 07, 2025",Additional Commisioner,Range Office,transferred,High,Central & Regional Administration
237,0,0,0,remained,Not Found,0
238,0,0,0,remained,Not Found,0
239,0,0,0,remained,Not Found,0
240,0,0,0,remained,Not Found,0
241,0,0,0,remained,Not Found,0
242,0,0,0,remained,Not Found,0
243,0,0,0,remained,Not Found,0
244,0,0,0,remained,Not Found,0
245,0,0,0,remained,Not Found,0
246,0,0,0,remained,Not Found,0
247,0,0,0,remained,Not Found,0
248,0,0,0,remained,Not Found,0
249,0,0,0,remained,Not Found,0
250,0,0,0,remained,Not Found,0
251,0,0,0,remained,Not Found,0
252,0,0,0,remained,Not Found,0
253,0,0,0,remained,Not Found,0
254,0,0,0,remained,Not Found,0
255,0,0,0,remained,Not Found,0
256,0,0,0,remained,Not Found,0
257,0,0,0,remained,Not Found,0
258,0,0,0,remained,Not Found,0
259,0,0,0,remained,Not Found,0
260,0,0,0,remained,Not Found,0
261,0,0,0,remained,Not Found,0
262,0,0,0,remained,Not Found,0
263,0,0,0,remained,Not Found,0
264,0,0,0,remained,Not Found,0
265,0,0,0,remained,Not Found,0
266,0,0,0,remained,Not Found,0
267,0,0,0,remained,Not Found,0
268,0,0,0,remained,Not Found,0
269,0,0,0,remained,Not Found,0
270,0,0,0,remained,Not Found,0
271,0,0,0,remained,Not Found,0
272,0,0,0,remained,Not Found,0
273,0,0,0,remained,Not Found,0
274,0,0,0,remained,Not Found,0
275,0,0,0,remained,Not Found,0
276,0,0,0,remained,Not Found,0
277,0,0,0,remained,Not Found,0
278,0,0,0,remained,Not Found,0
279,0,0,0,unknown,Not Found,0
280,0,0,0,unknown,Not Found,0
281,0,0,0,unknown,Not Found,0
282,0,0,0,unknown,Not Found,0
283,0,0,0,unknown,Not Found,0
284,0,0,0,unknown,Not Found,0
285,0,0,0,unknown,Not Found,0
286,0,0,0,unknown,Not Found,0
287,0,0,0,unknown,Not Found,0
288,0,0,0,unknown,Not Found,0
289,0,0,0,unknown,Not Found,0
290,0,0,0,unknown,Not Found,0
291,0,0,0,unknown,Not Found,0
292,0,0,0,unknown,Not Found,0
293,0,0,0,unknown,Not Found,0
294,0,0,0,unknown,Not Found,0
295,0,0,0,unknown,Not Found,0
296,0,0,0,unknown,Not Found,0
297,0,0,0,unknown,Not Found,0
298,0,0,0,unknown,Not Found,0
299,0,0,0,unknown,Not Found,0
300,0,0,0,unknown,Not Found,0
301,0,0,0,unknown,Not Found,0
302,0,0,0,unknown,Not Found,0
303,0,0,0,unknown,Not Found,0
304,0,0,0,unknown,Not Found,0
305,0,0,0,unknown,Not Found,0
306,0,0,0,unknown,Not Found,0
307,0,0,0,unknown,Not Found,0
308,0,0,0,unknown,Not Found,0
309,0,0,0,unknown,Not Found,0
310,0,0,0,unknown,Not Found,0
311,0,0,0,unknown,Not Found,0
312,0,0,0,unknown,Not Found,0
313,0,0,0,unknown,Not Found,0
314,0,0,0,unknown,Not Found,0
315,0,0,0,unknown,Not Found,0
316,0,0,0,unknown,Not Found,0
317,0,0,0,unknown,Not Found,0
318,0,0,0,unknown,Not Found,0
319,0,0,0,unknown,Not Found,0
320,0,0,0,unknown,Not Found,0
321,0,0,0,unknown,Not Found,0
322,0,0,0,unknown,Not Found,0
323,0,0,0,unknown,Not Found,0
324,0,0,0,unknown,Not Found,0
325,0,0,0,unknown,Not Found,0
326,0,0,0,unknown,Not Found,0
327,0,0,0,unknown,Not Found,0
328,0,0,0,unknown,Not Found,0
329,0,0,0,unknown,Not Found,0
330,0,0,0,unknown,Not Found,0
331,0,0,0,unknown,Not Found,0
332,0,0,0,unknown,Not Found,0
333,0,0,0,unknown,Not Found,0
334,0,0,0,unknown,Not Found,0
335,0,0,0,unknown,Not Found,0
336,0,0,0,unknown,Not Found,0
337,0,0,0,unknown,Not Found,0
338,0,0,0,unknown,Not Found,0
339,0,0,0,unknown,Not Found,0
340,0,0,0,unknown,Not Found,0
341,0,0,0,unknown,Not Found,0
342,0,0,0,unknown,Not Found,0
343,0,0,0,unknown,Not Found,0
344,0,0,0,unknown,Not Found,0
345,0,0,0,unknown,Not Found,0
346,0,0,0,unknown,Not Found,0
347,0,0,0,unknown,Not Found,0
348,0,0,0,unknown,Not Found,0
349,0,0,0,unknown,Not Found,0
350,0,0,0,unknown,Not Found,0
351,0,0,0,unknown,Not Found,0
352,0,0,0,unknown,Not Found,0
353,0,0,0,unknown,Not Found,0
354,0,0,0,unknown,Not Found,0
355,0,0,0,unknown,Not Found,0
356,0,0,0,unknown,Not Found,0
357,0,0,0,unknown,Not Found,0
358,0,0,0,unknown,Not Found,0
359,0,0,0,unknown,Not Found,0
360,0,0,0,unknown,Not Found,0
361,0,0,0,unknown,Not Found,0
362,0,0,0,unknown,Not Found,0
363,0,0,0,unknown,Not Found,0
364,0,0,0,unknown,Not Found,0
365,0,0,0,unknown,Not Found,0