id,date,rank,destination,status,rank_level,destination_cluster,attachment
1,"August 13, 2024",DC,Range Office,transferred,High,Central & Regional Administration,1
2,"August 13, 2024",DC,Range Office,transferred,High,Central & Regional Administration,1
3,"August 13, 2024",DC,Range Office,transferred,High,Central & Regional Administration,1
4,"August 13, 2024",DC,Range Office,transferred,High,Central & Regional Administration,1
5,"August 13, 2024",DC,Range Office,transferred,High,Central & Regional Administration,1
6,"August 13, 2024",DC,Range Office,transferred,High,Central & Regional Administration,1
7,"August 13, 2024",DC,Range Office,transferred,High,Central & Regional Administration,1
8,"August 13, 2024",DC,Range Office,transferred,High,Central & Regional Administration,1
9,"August 13, 2024",DC,Range Office,transferred,High,Central & Regional Administration,1
10,"August 13, 2024",DC,Range Office,transferred,High,Central & Regional Administration,1
11,"August 13, 2024",DC,Range Office,transferred,High,Central & Regional Administration,1
12,"August 13, 2024",DC,Range Office,transferred,High,Central & Regional Administration,1
13,"August 13, 2024",DC,Range Office,transferred,High,Central & Regional Administration,1
14,"August 13, 2024",DC,Range Office,transferred,High,Central & Regional Administration,1
15,"August 13, 2024",DC,Range Office,transferred,High,Central & Regional Administration,1
16,"August 13, 2024",DC,Range Office,transferred,High,Central & Regional Administration,1
17,"August 27, 2024",Additional Commisioner,Industrial police,transferred,High,Specialized Operational Units,1
18,"August 27, 2024",Additional Commisioner,Tourist Police,transferred,High,Specialized Operational Units,1
19,"August 27, 2024",Additional Commisioner,APBn,transferred,High,Specialized Operational Units,1
20,"September 1, 2024",Additional Commisioner,APBn,transferred,High,Specialized Operational Units,1
21,"September 8, 2024",Joint Commissioner,Range Office,transferred,High,Central & Regional Administration,1
22,"September 19, 2024",Joint Commissioner,APBn,transferred,High,Specialized Operational Units,1
23,"September 19, 2024",Joint Commissioner,PTC,transferred,High,Training & Development,1
24,"September 19, 2024",Joint Commissioner,PTC,transferred,High,Training & Development,1
25,"September 19, 2024",Joint Commissioner,APBn,transferred,High,Specialized Operational Units,1
26,"November 11, 2024",DC,Range Office,transferred,High,Central & Regional Administration,1
27,"November 11, 2024",DC,Range Office,transferred,High,Central & Regional Administration,1
28,"November 11, 2024",DC,Range Office,transferred,High,Central & Regional Administration,1
29,"November 11, 2024",DC,Range Office,transferred,High,Central & Regional Administration,1
30,"November 11, 2024",DC,Range Office,transferred,High,Central & Regional Administration,1
31,"November 11, 2024",DC,Range Office,transferred,High,Central & Regional Administration,1
32,"March 23, 2025",DC,Range Office,transferred,High,Central & Regional Administration,1
33,"August 17, 2024",ADC,In service training centre,transferred,Low,Training & Development,0
34,"August 17, 2024",ADC,In service training centre,transferred,Low,Training & Development,0
35,"August 17, 2024",ADC,APBn,transferred,Low,Specialized Operational Units,0
36,"August 17, 2024",ADC,APBn,transferred,Low,Specialized Operational Units,0
37,"August 17, 2024",ADC,BPA,transferred,Low,Training & Development,0
38,"August 17, 2024",ADC,Navy Police,transferred,Low,Specialized Operational Units,0
39,"August 17, 2024",ADC,Industrial police,transferred,Low,Specialized Operational Units,0
40,"August 17, 2024",ADC,Railway Police,transferred,Low,Specialized Operational Units,0
41,"August 17, 2024",ADC,PTC,transferred,Low,Training & Development,0
42,"August 17, 2024",ADC,In service training centre,transferred,Low,Training & Development,0
43,"August 17, 2024",ADC,RAB,transferred,Low,Specialized Operational Units,0
44,"August 17, 2024",ADC,Range Office,transferred,Low,Central & Regional Administration,0
45,"August 17, 2024",AC,BPA,transferred,Low,Training & Development,0
46,"August 27, 2024",ADC,In service training centre,transferred,Low,Training & Development,0
47,"August 27, 2024",ADC,In service training centre,transferred,Low,Training & Development,0
48,"August 27, 2024",ADC,APBn,transferred,Low,Specialized Operational Units,0
49,"August 27, 2024",ADC,Navy Police,transferred,Low,Specialized Operational Units,0
50,"August 27, 2024",ADC,Tourist Police,transferred,Low,Specialized Operational Units,0
51,"August 27, 2024",ADC,APBn,transferred,Low,Specialized Operational Units,0
52,"August 27, 2024",ADC,RAB,transferred,Low,Specialized Operational Units,0
53,"August 27, 2024",ADC,APBn,transferred,Low,Specialized Operational Units,0
54,"August 27, 2024",ADC,Tourist Police,transferred,Low,Specialized Operational Units,0
55,"August 27, 2024",ADC,APBn,transferred,Low,Specialized Operational Units,0
56,"August 27, 2024",ADC,APBn,transferred,Low,Specialized Operational Units,0
57,"August 27, 2024",ADC,PTC,transferred,Low,Training & Development,0
58,"August 27, 2024",ADC,APBn,transferred,Low,Specialized Operational Units,0
59,"August 27, 2024",ADC,APBn,transferred,Low,Specialized Operational Units,0
60,"August 27, 2024",ADC,In service training centre,transferred,Low,Training & Development,0
61,"August 27, 2024",ADC,APBn,transferred,Low,Specialized Operational Units,0
62,"August 27, 2024",ADC,APBn,transferred,Low,Specialized Operational Units,0
63,"August 27, 2024",ADC,Navy Police,transferred,Low,Specialized Operational Units,0
64,"August 27, 2024",ADC,RAB,transferred,Low,Specialized Operational Units,0
65,"August 27, 2024",ADC,In service training centre,transferred,Low,Training & Development,0
66,"August 27, 2024",ADC,In service training centre,transferred,Low,Training & Development,0
67,"August 27, 2024",ADC,In service training centre,transferred,Low,Training & Development,0
68,"August 27, 2024",ADC,In service training centre,transferred,Low,Training & Development,0
69,"August 27, 2024",ADC,APBn,transferred,Low,Specialized Operational Units,0
70,"August 27, 2024",ADC,RAB,transferred,Low,Specialized Operational Units,0
71,"August 27, 2024",ADC,APBn,transferred,Low,Specialized Operational Units,0
72,"August 27, 2024",ADC,PBI,transferred,Low,Investigation & Intelligence,0
73,"August 27, 2024",ADC,RAB,transferred,Low,Specialized Operational Units,0
74,"August 27, 2024",ADC,APBn,transferred,Low,Specialized Operational Units,0
75,"August 27, 2024",ADC,APBn,transferred,Low,Specialized Operational Units,0
76,"August 27, 2024",ADC,RAB,transferred,Low,Specialized Operational Units,0
77,"August 27, 2024",ADC,RAB,transferred,Low,Specialized Operational Units,0
78,"August 27, 2024",ADC,Tourist Police,transferred,Low,Specialized Operational Units,0
79,"August 27, 2024",ADC,APBn,transferred,Low,Specialized Operational Units,0
80,"August 27, 2024",AC,APBn,transferred,Low,Specialized Operational Units,0
81,"August 27, 2024",AC,BPA,transferred,Low,Training & Development,0
82,"August 27, 2024",AC,RAB,transferred,Low,Specialized Operational Units,0
83,"August 27, 2024",AC,Navy Police,transferred,Low,Specialized Operational Units,0
84,"August 27, 2024",AC,Navy Police,transferred,Low,Specialized Operational Units,0
85,"August 27, 2024",AC,RAB,transferred,Low,Specialized Operational Units,0
86,"August 27, 2024",AC,BPA,transferred,Low,Training & Development,0
87,"August 27, 2024",AC,RAB,transferred,Low,Specialized Operational Units,0
88,"August 27, 2024",AC,APBn,transferred,Low,Specialized Operational Units,0
89,"August 27, 2024",AC,RAB,transferred,Low,Specialized Operational Units,0
90,"August 27, 2024",AC,APBn,transferred,Low,Specialized Operational Units,0
91,"August 27, 2024",AC,RAB,transferred,Low,Specialized Operational Units,0
92,"September 1, 2024",DC,Navy Police,transferred,High,Specialized Operational Units,0
93,"September 1, 2024",DC,PTC,transferred,High,Training & Development,0
94,"September 1, 2024",DC,PTC,transferred,High,Training & Development,0
95,"September 1, 2024",DC,PTC,transferred,High,Training & Development,0
96,"September 1, 2024",DC,PTC,transferred,High,Training & Development,0
97,"September 1, 2024",DC,PTC,transferred,High,Training & Development,0
98,"September 1, 2024",DC,Navy Police,transferred,High,Specialized Operational Units,0
99,"September 1, 2024",DC,BPA,transferred,High,Training & Development,0
100,"September 2, 2024",ADC,APBn,transferred,Low,Specialized Operational Units,0
101,"September 2, 2024",ADC,Industrial police,transferred,Low,Specialized Operational Units,0
102,"September 2, 2024",ADC,Industrial police,transferred,Low,Specialized Operational Units,0
103,"September 2, 2024",ADC,RAB,transferred,Low,Specialized Operational Units,0
104,"September 2, 2024",ADC,Police Staff Collage,transferred,Low,Training & Development,0
105,"September 2, 2024",ADC,APBn,transferred,Low,Specialized Operational Units,0
106,"September 2, 2024",ADC,APBn,transferred,Low,Specialized Operational Units,0
107,"September 2, 2024",ADC,Railway Police,transferred,Low,Specialized Operational Units,0
108,"September 2, 2024",ADC,RAB,transferred,Low,Specialized Operational Units,0
109,"September 2, 2024",ADC,RAB,transferred,Low,Specialized Operational Units,0
110,"September 2, 2024",AC,BPA,transferred,Low,Training & Development,0
111,"September 2, 2024",AC,APBn,transferred,Low,Specialized Operational Units,0
112,"September 2, 2024",AC,Industrial police,transferred,Low,Specialized Operational Units,0
113,"September 2, 2024",AC,APBn,transferred,Low,Specialized Operational Units,0
114,"September 2, 2024",AC,RAB,transferred,Low,Specialized Operational Units,0
115,04-Sep-24,ADC,RAB,transferred,Low,Specialized Operational Units,0
116,04-Sep-24,ADC,Navy Police,transferred,Low,Specialized Operational Units,0
117,04-Sep-24,ADC,APBn,transferred,Low,Specialized Operational Units,0
118,04-Sep-24,AC,APBn,transferred,Low,Specialized Operational Units,0
119,04-Sep-24,AC,Navy Police,transferred,Low,Specialized Operational Units,0
120,04-Sep-24,AC,Industrial police,transferred,Low,Specialized Operational Units,0
121,04-Sep-24,AC,APBn,transferred,Low,Specialized Operational Units,0
122,04-Sep-24,AC,BPA,transferred,Low,Training & Development,0
123,04-Sep-24,AC,Police Headquarters,transferred,Low,Central & Regional Administration,0
124,04-Sep-24,AC,RAB,transferred,Low,Specialized Operational Units,0
125,04-Sep-24,AC,Tourist Police,transferred,Low,Specialized Operational Units,0
126,04-Sep-24,AC,RAB,transferred,Low,Specialized Operational Units,0
127,04-Sep-24,AC,Industrial police,transferred,Low,Specialized Operational Units,0
128,04-Sep-24,AC,Railway Police,transferred,Low,Specialized Operational Units,0
129,04-Sep-24,AC,RAB,transferred,Low,Specialized Operational Units,0
130,04-Sep-24,AC,Industrial police,transferred,Low,Specialized Operational Units,0
131,04-Sep-24,AC,Railway Police,transferred,Low,Specialized Operational Units,0
132,04-Sep-24,AC,RAB,transferred,Low,Specialized Operational Units,0
133,04-Sep-24,AC,APBn,transferred,Low,Specialized Operational Units,0
134,04-Sep-24,AC,RAB,transferred,Low,Specialized Operational Units,0
135,04-Sep-24,AC,RAB,transferred,Low,Specialized Operational Units,0
136,04-Sep-24,AC,APBn,transferred,Low,Specialized Operational Units,0
137,04-Sep-24,AC,RAB,transferred,Low,Specialized Operational Units,0
138,04-Sep-24,AC,APBn,transferred,Low,Specialized Operational Units,0
139,04-Sep-24,AC,RAB,transferred,Low,Specialized Operational Units,0
140,04-Sep-24,AC,Tourist Police,transferred,Low,Specialized Operational Units,0
141,"September 8, 2024",Joint Commissioner,Metropolitons,transferred,High,Geographic Field Commands,0
142,"September 15, 2024",Joint Commissioner,PTC,transferred,High,Training & Development,0
143,"September 15, 2024",DC,In service training centre,transferred,High,Training & Development,0
144,"September 15, 2024",DC,In service training centre,transferred,High,Training & Development,0
145,"September 15, 2024",DC,In service training centre,transferred,High,Training & Development,0
146,"September 15, 2024",DC,In service training centre,transferred,High,Training & Development,0
147,"September 19, 2024",Joint Commissioner,Industrial police,transferred,High,Specialized Operational Units,0
148,22-Sep-24,ADC,Tourist Police,transferred,Low,Specialized Operational Units,0
149,30-Sep-24,ADC,BPA,transferred,Low,Training & Development,0
150,30-Sep-24,ADC,Armed Police Battelion,transferred,Low,Specialized Operational Units,0
151,30-Sep-24,ADC,Tourist Police,transferred,Low,Specialized Operational Units,0
152,30-Sep-24,ADC,Armed Police Battelion,transferred,Low,Specialized Operational Units,0
153,30-Sep-24,ADC,BPA,transferred,Low,Training & Development,0
154,30-Sep-24,ADC,BPA,transferred,Low,Training & Development,0
155,30-Sep-24,ADC,PTC,transferred,Low,Training & Development,0
156,30-Sep-24,ADC,Armed Police Battelion,transferred,Low,Specialized Operational Units,0
157,30-Sep-24,ADC,SB,transferred,Low,Investigation & Intelligence,0
158,30-Sep-24,ADC,APBn,transferred,Low,Specialized Operational Units,0
159,30-Sep-24,ADC,Industrial police,transferred,Low,Specialized Operational Units,0
160,30-Sep-24,ADC,PTC,transferred,Low,Training & Development,0
161,30-Sep-24,ADC,Railway Police,transferred,Low,Specialized Operational Units,0
162,30-Sep-24,ADC,BPA,transferred,Low,Training & Development,0
163,30-Sep-24,ADC,SB,transferred,Low,Investigation & Intelligence,0
164,30-Sep-24,ADC,Tourist Police,transferred,Low,Specialized Operational Units,0
165,30-Sep-24,ADC,PTC,transferred,Low,Training & Development,0
166,30-Sep-24,ADC,Industrial police,transferred,Low,Specialized Operational Units,0
167,30-Sep-24,ADC,PTC,transferred,Low,Training & Development,0
168,30-Sep-24,ADC,BPA,transferred,Low,Training & Development,0
169,30-Sep-24,ADC,PTC,transferred,Low,Training & Development,0
170,"October 06, 2024",ADC,PSTS,transferred,Low,Training & Development,0
171,"October 06, 2024",ADC,RAB,transferred,Low,Specialized Operational Units,0
172,"October 06, 2024",ADC,Railway Police,transferred,Low,Specialized Operational Units,0
173,"October 06, 2024",ADC,APBn,transferred,Low,Specialized Operational Units,0
174,"October 06, 2024",AC,RAB,transferred,Low,Specialized Operational Units,0
175,"October 06, 2024",AC,RAB,transferred,Low,Specialized Operational Units,0
176,"October 06, 2024",AC,RAB,transferred,Low,Specialized Operational Units,0
177,"October 06, 2024",AC,APBn,transferred,Low,Specialized Operational Units,0
178,"October 7, 2024",DC,Range Office,transferred,High,Central & Regional Administration,0
179,"October 7, 2024",DC,Tourist Police,transferred,High,Specialized Operational Units,0
180,"October 16, 2024",ADC,RAB,transferred,Low,Specialized Operational Units,0
181,"October 16, 2024",ADC,RAB,transferred,Low,Specialized Operational Units,0
182,"October 16, 2024",ADC,APBn,transferred,Low,Specialized Operational Units,0
183,"October 16, 2024",ADC,RAB,transferred,Low,Specialized Operational Units,0
184,"October 16, 2024",ADC,CID,transferred,Low,Investigation & Intelligence,0
185,"October 16, 2024",AC,APBn,transferred,Low,Specialized Operational Units,0
186,"October 16, 2024",AC,RAB,transferred,Low,Specialized Operational Units,0
187,"October 16, 2024",AC,APBn,transferred,Low,Specialized Operational Units,0
188,"October 16, 2024",AC,APBn,transferred,Low,Specialized Operational Units,0
189,"October 16, 2024",AC,APBn,transferred,Low,Specialized Operational Units,0
190,"October 16, 2024",AC,RAB,transferred,Low,Specialized Operational Units,0
191,"October 16, 2024",AC,APBn,transferred,Low,Specialized Operational Units,0
192,"October 16, 2024",AC,SB,transferred,Low,Investigation & Intelligence,0
193,"October 16, 2024",AC,CID,transferred,Low,Investigation & Intelligence,0
194,24-Oct-24,ADC,District Police,transferred,Low,Geographic Field Commands,0
195,24-Oct-24,ADC,PSTS,transferred,Low,Training & Development,0
196,24-Oct-24,ADC,PTC,transferred,Low,Training & Development,0
197,24-Oct-24,AC,RAB,transferred,Low,Specialized Operational Units,0
198,24-Oct-24,AC,Circle,transferred,Low,Geographic Field Commands,0
199,24-Oct-24,AC,APBn,transferred,Low,Specialized Operational Units,0
200,24-Oct-24,AC,CID,transferred,Low,Investigation & Intelligence,0
201,24-Oct-24,AC,APBn,transferred,Low,Specialized Operational Units,0
202,"November 19, 2024",ADC,In service training centre,transferred,Low,Training & Development,0
203,"November 19, 2024",AC,Railway Police,transferred,Low,Specialized Operational Units,0
204,"November 19, 2024",AC,BPA,transferred,Low,Training & Development,0
205,"November 19, 2024",AC,CID,transferred,Low,Investigation & Intelligence,0
206,"November 19, 2024",AC,PSTS,transferred,Low,Training & Development,0
207,"November 19, 2024",AC,CID,transferred,Low,Investigation & Intelligence,0
208,"November 11, 2024",Joint Commissioner,PTC,transferred,High,Training & Development,0
209,"November 11, 2024",Joint Commissioner,PTC,transferred,High,Training & Development,0
210,"November 11, 2024",DC,PTC,transferred,High,Training & Development,0
211,"November 11, 2024",DC,Industrial police,transferred,High,Specialized Operational Units,0
212,"November 11, 2024",DC,PBI,transferred,High,Investigation & Intelligence,0
213,"November 11, 2024",DC,PBI,transferred,High,Investigation & Intelligence,0
214,"November 11, 2024",DC,In service training centre,transferred,High,Training & Development,0
215,"December 5, 2024",Joint Commissioner,Metropolitons,transferred,High,Geographic Field Commands,0
216,"December 30, 2024",DC,CID,transferred,High,Investigation & Intelligence,0
217,"January 01, 2025",DC,CID,transferred,High,Investigation & Intelligence,0
218,21-Jan-25,DC,In service training centre,transferred,High,Training & Development,0
219,21-Jan-25,DC,PBI,transferred,High,Investigation & Intelligence,0
220,"February 27, 2025",DC,CID,transferred,High,Investigation & Intelligence,0
221,"February 27, 2025",DC,Anti-Terrorism Unit,transferred,High,Specialized Operational Units,0
222,03-Mar-25,AC,Metropolitons,transferred,Low,Geographic Field Commands,0
223,03-Mar-25,AC,APBn,transferred,Low,Specialized Operational Units,0
224,03-Mar-25,AC,CID,transferred,Low,Investigation & Intelligence,0
225,03-Mar-25,AC,Circle,transferred,Low,Geographic Field Commands,0
226,03-Mar-25,AC,RAB,transferred,Low,Specialized Operational Units,0
227,03-Mar-25,AC,Circle,transferred,Low,Geographic Field Commands,0
228,03-Mar-25,AC,SB,transferred,Low,Investigation & Intelligence,0
229,03-Mar-25,AC,Police Headquarters,transferred,Low,Central & Regional Administration,0
230,03-Mar-25,AC,Police Headquarters,transferred,Low,Central & Regional Administration,0
231,03-Mar-25,AC,PBI,transferred,Low,Investigation & Intelligence,0
232,03-Mar-25,AC,Highway Police,transferred,Low,Specialized Operational Units,0
233,03-Mar-25,AC,Circle,transferred,Low,Geographic Field Commands,0
234,03-Mar-25,AC,Police Headquarters,transferred,Low,Central & Regional Administration,0
235,03-Mar-25,AC,Circle,transferred,Low,Geographic Field Commands,0
236,"May 07, 2025",Additional Commisioner,Range Office,transferred,High,Central & Regional Administration,0
237,0,0,0,remained,Not Found,0,0
238,0,0,0,remained,Not Found,0,0
239,0,0,0,remained,Not Found,0,0
240,0,0,0,remained,Not Found,0,0
241,0,0,0,remained,Not Found,0,0
242,0,0,0,remained,Not Found,0,0
243,0,0,0,remained,Not Found,0,0
244,0,0,0,remained,Not Found,0,0
245,0,0,0,remained,Not Found,0,0
246,0,0,0,remained,Not Found,0,0
247,0,0,0,remained,Not Found,0,0
248,0,0,0,remained,Not Found,0,0
249,0,0,0,remained,Not Found,0,0
250,0,0,0,remained,Not Found,0,0
251,0,0,0,remained,Not Found,0,0
252,0,0,0,remained,Not Found,0,0
253,0,0,0,remained,Not Found,0,0
254,0,0,0,remained,Not Found,0,0
255,0,0,0,remained,Not Found,0,0
256,0,0,0,remained,Not Found,0,0
257,0,0,0,remained,Not Found,0,0
258,0,0,0,remained,Not Found,0,0
259,0,0,0,remained,Not Found,0,0
260,0,0,0,remained,Not Found,0,0
261,0,0,0,remained,Not Found,0,0
262,0,0,0,remained,Not Found,0,0
263,0,0,0,remained,Not Found,0,0
264,0,0,0,remained,Not Found,0,0
265,0,0,0,remained,Not Found,0,0
266,0,0,0,remained,Not Found,0,0
267,0,0,0,remained,Not Found,0,0
268,0,0,0,remained,Not Found,0,0
269,0,0,0,remained,Not Found,0,0
270,0,0,0,remained,Not Found,0,0
271,0,0,0,remained,Not Found,0,0
272,0,0,0,remained,Not Found,0,0
273,0,0,0,remained,Not Found,0,0
274,0,0,0,remained,Not Found,0,0
275,0,0,0,remained,Not Found,0,0
276,0,0,0,remained,Not Found,0,0
277,0,0,0,remained,Not Found,0,0
278,0,0,0,remained,Not Found,0,0
279,0,0,0,unknown,Not Found,0,0
280,0,0,0,unknown,Not Found,0,0
281,0,0,0,unknown,Not Found,0,0
282,0,0,0,unknown,Not Found,0,0
283,0,0,0,unknown,Not Found,0,0
284,0,0,0,unknown,Not Found,0,0
285,0,0,0,unknown,Not Found,0,0
286,0,0,0,unknown,Not Found,0,0
287,0,0,0,unknown,Not Found,0,0
288,0,0,0,unknown,Not Found,0,0
289,0,0,0,unknown,Not Found,0,0
290,0,0,0,unknown,Not Found,0,0
291,0,0,0,unknown,Not Found,0,0
292,0,0,0,unknown,Not Found,0,0
293,0,0,0,unknown,Not Found,0,0
294,0,0,0,unknown,Not Found,0,0
295,0,0,0,unknown,Not Found,0,0
296,0,0,0,unknown,Not Found,0,0
297,0,0,0,unknown,Not Found,0,0
298,0,0,0,unknown,Not Found,0,0
299,0,0,0,unknown,Not Found,0,0
300,0,0,0,unknown,Not Found,0,0
301,0,0,0,unknown,Not Found,0,0
302,0,0,0,unknown,Not Found,0,0
303,0,0,0,unknown,Not Found,0,0
304,0,0,0,unknown,Not Found,0,0
305,0,0,0,unknown,Not Found,0,0
306,0,0,0,unknown,Not Found,0,0
307,0,0,0,unknown,Not Found,0,0
308,0,0,0,unknown,Not Found,0,0
309,0,0,0,unknown,Not Found,0,0
310,0,0,0,unknown,Not Found,0,0
311,0,0,0,unknown,Not Found,0,0
312,0,0,0,unknown,Not Found,0,0
313,0,0,0,unknown,Not Found,0,0
314,0,0,0,unknown,Not Found,0,0
315,0,0,0,unknown,Not Found,0,0
316,0,0,0,unknown,Not Found,0,0
317,0,0,0,unknown,Not Found,0,0
318,0,0,0,unknown,Not Found,0,0
319,0,0,0,unknown,Not Found,0,0
320,0,0,0,unknown,Not Found,0,0
321,0,0,0,unknown,Not Found,0,0
322,0,0,0,unknown,Not Found,0,0
323,0,0,0,unknown,Not Found,0,0
324,0,0,0,unknown,Not Found,0,0
325,0,0,0,unknown,Not Found,0,0
326,0,0,0,unknown,Not Found,0,0
327,0,0,0,unknown,Not Found,0,0
328,0,0,0,unknown,Not Found,0,0
329,0,0,0,unknown,Not Found,0,0
330,0,0,0,unknown,Not Found,0,0
331,0,0,0,unknown,Not Found,0,0
332,0,0,0,unknown,Not Found,0,0
333,0,0,0,unknown,Not Found,0,0
334,0,0,0,unknown,Not Found,0,0
335,0,0,0,unknown,Not Found,0,0
336,0,0,0,unknown,Not Found,0,0
337,0,0,0,unknown,Not Found,0,0
338,0,0,0,unknown,Not Found,0,0
339,0,0,0,unknown,Not Found,0,0
340,0,0,0,unknown,Not Found,0,0
341,0,0,0,unknown,Not Found,0,0
342,0,0,0,unknown,Not Found,0,0
343,0,0,0,unknown,Not Found,0,0
344,0,0,0,unknown,Not Found,0,0
345,0,0,0,unknown,Not Found,0,0
346,0,0,0,unknown,Not Found,0,0
347,0,0,0,unknown,Not Found,0,0
348,0,0,0,unknown,Not Found,0,0
349,0,0,0,unknown,Not Found,0,0
350,0,0,0,unknown,Not Found,0,0
351,0,0,0,unknown,Not Found,0,0
352,0,0,0,unknown,Not Found,0,0
353,0,0,0,unknown,Not Found,0,0
354,0,0,0,unknown,Not Found,0,0
355,0,0,0,unknown,Not Found,0,0
356,0,0,0,unknown,Not Found,0,0
357,0,0,0,unknown,Not Found,0,0
358,0,0,0,unknown,Not Found,0,0
359,0,0,0,unknown,Not Found,0,0
360,0,0,0,unknown,Not Found,0,0
361,0,0,0,unknown,Not Found,0,0
362,0,0,0,unknown,Not Found,0,0
363,0,0,0,unknown,Not Found,0,0
364,0,0,0,unknown,Not Found,0,0
365,0,0,0,unknown,Not Found,0,0